19:11:20	pre:patterns_snort__enron_corpus__sequential__T0	38000	38000	20000	38050	39050	48000	50000	39000	49000	2603
19:12:00	post:patterns_snort__enron_corpus__sequential__T0	75000	75000	20000	46050	44050	61000	62000	43000	61000	2144
19:12:00	pre:patterns_snort__enron_corpus__sequential_flat__T0	75000	75000	20000	46050	44050	56000	55000	43000	58000	2546
19:12:37	post:patterns_snort__enron_corpus__sequential_flat__T0	72000	72000	20000	49050	46050	58000	58000	46000	60000	2298
19:12:37	pre:patterns_snort__enron_corpus__pthread_chunked__T1	72000	72000	20000	49050	46050	56000	56000	46000	55000	2360
19:13:16	post:patterns_snort__enron_corpus__pthread_chunked__T1	76000	76000	20000	50050	47050	60000	62000	46000	62000	2606
19:13:16	pre:patterns_snort__enron_corpus__pthread_chunked_v2__T1	76000	76000	20000	50050	47050	58000	58000	46000	58000	2368
19:13:54	post:patterns_snort__enron_corpus__pthread_chunked_v2__T1	76000	76000	20000	50050	47050	59000	62000	48000	62000	2337
19:13:55	pre:patterns_snort__enron_corpus__pthread_chunked_v3__T1	76000	76000	20000	50050	47050	57000	58000	48000	58000	2563
19:14:33	post:patterns_snort__enron_corpus__pthread_chunked_v3__T1	77000	77000	20000	50050	48050	63000	63000	47000	60000	2050
19:14:33	pre:patterns_snort__enron_corpus__pthread_dynamic__T1	77000	77000	20000	50050	48050	58000	58000	47000	58000	2283
19:15:12	post:patterns_snort__enron_corpus__pthread_dynamic__T1	77000	77000	20000	51050	48050	63000	61000	48000	62000	2546
19:15:12	pre:patterns_snort__enron_corpus__pthread_prefetch__T1	77000	77000	20000	51050	48050	60000	58000	48000	58000	2377
19:15:50	post:patterns_snort__enron_corpus__pthread_prefetch__T1	77000	77000	20000	51050	48050	60000	62000	48000	59000	2531
19:15:50	pre:patterns_snort__enron_corpus__pthread_chunked_flat__T1	77000	77000	20000	51050	48050	57000	58000	48000	57000	2465
19:16:27	post:patterns_snort__enron_corpus__pthread_chunked_flat__T1	69000	69000	20000	50050	48050	61000	60000	48000	59000	2414
19:16:27	pre:patterns_snort__enron_corpus__pthread_chunked_v3_flat__T1	69000	69000	20000	50050	48050	59000	59000	48000	58000	2540
19:17:04	post:patterns_snort__enron_corpus__pthread_chunked_v3_flat__T1	72000	72000	20000	50050	47050	62000	60000	48000	60000	1867
19:17:04	pre:patterns_snort__enron_corpus__pthread_2d_sharded_chunked__T1	72000	72000	20000	50050	47050	57000	58000	48000	57000	2310
19:17:41	post:patterns_snort__enron_corpus__pthread_2d_sharded_chunked__T1	71000	71000	20000	50050	47050	61000	62000	48000	60000	2141
19:17:41	pre:patterns_snort__enron_corpus__pattern_sharded_prefix__T1	71000	71000	20000	50050	47050	57000	57000	48000	57000	2360
19:18:18	post:patterns_snort__enron_corpus__pattern_sharded_prefix__T1	71000	71000	20000	50050	47050	60000	60000	48000	58000	2139
19:18:18	pre:patterns_snort__enron_corpus__pthread_chunked__T2	71000	71000	20000	50050	47050	58000	58000	48000	57000	2496
19:18:40	post:patterns_snort__enron_corpus__pthread_chunked__T2	74000	74000	20000	52050	48050	64000	63000	48000	63000	2199
19:18:40	pre:patterns_snort__enron_corpus__pthread_chunked_v2__T2	74000	74000	20000	52050	48050	64000	62000	48000	62000	2359
19:19:02	post:patterns_snort__enron_corpus__pthread_chunked_v2__T2	76000	76000	20000	53050	50050	65000	65000	49000	64000	2044
19:19:02	pre:patterns_snort__enron_corpus__pthread_chunked_v3__T2	76000	76000	20000	53050	50050	65000	63000	49000	63000	2120
19:19:24	post:patterns_snort__enron_corpus__pthread_chunked_v3__T2	66000	66000	20000	53050	50050	60000	60000	49000	60000	1830
19:19:24	pre:patterns_snort__enron_corpus__pthread_dynamic__T2	66000	66000	20000	53050	50050	58000	60000	49000	60000	2167
19:19:48	post:patterns_snort__enron_corpus__pthread_dynamic__T2	74000	74000	20000	52050	49050	65000	63000	49000	62000	2076
19:19:48	pre:patterns_snort__enron_corpus__pthread_prefetch__T2	74000	74000	20000	52050	49050	61000	62000	49000	62000	2335
19:20:10	post:patterns_snort__enron_corpus__pthread_prefetch__T2	77000	77000	20000	53050	50050	67000	66000	49000	66000	2518
19:20:10	pre:patterns_snort__enron_corpus__pthread_chunked_flat__T2	77000	77000	20000	53050	50050	63000	62000	49000	62000	2294
19:20:33	post:patterns_snort__enron_corpus__pthread_chunked_flat__T2	64000	64000	20000	53050	50050	60000	57000	51000	58000	2021
19:20:33	pre:patterns_snort__enron_corpus__pthread_chunked_v3_flat__T2	64000	64000	20000	53050	50050	57000	56000	51000	57000	1962
19:20:54	post:patterns_snort__enron_corpus__pthread_chunked_v3_flat__T2	72000	72000	20000	53050	49050	65000	63000	49000	63000	2298
19:20:54	pre:patterns_snort__enron_corpus__pthread_2d_sharded_chunked__T2	72000	72000	20000	53050	49050	62000	62000	49000	61000	2509
19:21:23	post:patterns_snort__enron_corpus__pthread_2d_sharded_chunked__T2	72000	72000	20000	53050	50050	63000	62000	49000	61000	1874
19:21:23	pre:patterns_snort__enron_corpus__pattern_sharded_prefix__T2	72000	72000	20000	53050	50050	61000	61000	49000	62000	2510
19:21:53	post:patterns_snort__enron_corpus__pattern_sharded_prefix__T2	72000	72000	20000	53050	49050	63000	63000	49000	62000	2182
19:21:53	pre:patterns_snort__enron_corpus__pthread_chunked__T4	72000	72000	20000	53050	49050	60000	60000	49000	61000	2565
19:22:09	post:patterns_snort__enron_corpus__pthread_chunked__T4	83000	83000	20000	54050	50050	67000	66000	50000	65000	2106
19:22:09	pre:patterns_snort__enron_corpus__pthread_chunked_v2__T4	83000	83000	20000	54050	50050	65000	64000	50000	63000	2467
19:22:31	post:patterns_snort__enron_corpus__pthread_chunked_v2__T4	64000	64000	20000	53050	50050	57000	57000	51000	56000	1827
19:22:31	pre:patterns_snort__enron_corpus__pthread_chunked_v3__T4	64000	64000	20000	53050	50050	56000	56000	51000	56000	1955
19:22:49	post:patterns_snort__enron_corpus__pthread_chunked_v3__T4	77000	77000	20000	53050	49050	60000	60000	49000	61000	2357
19:22:49	pre:patterns_snort__enron_corpus__pthread_dynamic__T4	77000	77000	20000	53050	49050	61000	60000	49000	61000	2573
19:23:03	post:patterns_snort__enron_corpus__pthread_dynamic__T4	77000	77000	20000	54050	50050	70000	68000	49000	66000	2070
19:23:03	pre:patterns_snort__enron_corpus__pthread_prefetch__T4	77000	77000	20000	54050	50050	67000	66000	49000	63000	2115
19:23:24	post:patterns_snort__enron_corpus__pthread_prefetch__T4	62000	62000	20000	54050	50050	57000	58000	50000	59000	1715
19:23:24	pre:patterns_snort__enron_corpus__pthread_chunked_flat__T4	62000	62000	20000	54050	50050	58000	58000	50000	57000	2310
19:23:42	post:patterns_snort__enron_corpus__pthread_chunked_flat__T4	70000	70000	20000	52050	49050	65000	63000	49000	63000	2356
19:23:42	pre:patterns_snort__enron_corpus__pthread_chunked_v3_flat__T4	70000	70000	20000	52050	49050	60000	60000	49000	60000	2407
19:23:57	post:patterns_snort__enron_corpus__pthread_chunked_v3_flat__T4	78000	78000	20000	53050	50050	61000	61000	49000	61000	2367
19:23:57	pre:patterns_snort__enron_corpus__pthread_2d_sharded_chunked__T4	78000	78000	20000	53050	50050	60000	61000	49000	61000	2603
19:24:21	post:patterns_snort__enron_corpus__pthread_2d_sharded_chunked__T4	62000	62000	20000	53050	50050	60000	58000	49000	57000	2474
19:24:21	pre:patterns_snort__enron_corpus__pattern_sharded_prefix__T4	62000	62000	20000	53050	50050	56000	57000	49000	56000	2061
19:24:50	post:patterns_snort__enron_corpus__pattern_sharded_prefix__T4	80000	80000	20000	55050	51050	66000	66000	50000	65000	2108
19:24:50	pre:patterns_snort__enron_corpus__pthread_chunked__T6	80000	80000	20000	55050	51050	65000	63000	50000	63000	2619
19:25:08	post:patterns_snort__enron_corpus__pthread_chunked__T6	61000	61000	20000	54050	50050	56000	57000	50000	55000	1704
19:25:08	pre:patterns_snort__enron_corpus__pthread_chunked_v2__T6	61000	61000	20000	54050	50050	55000	54000	50000	55000	1806
19:25:25	post:patterns_snort__enron_corpus__pthread_chunked_v2__T6	75000	75000	20000	53050	49050	62000	62000	49000	61000	2230
19:25:25	pre:patterns_snort__enron_corpus__pthread_chunked_v3__T6	75000	75000	20000	53050	49050	61000	61000	49000	60000	2082
19:25:37	post:patterns_snort__enron_corpus__pthread_chunked_v3__T6	76000	76000	20000	53050	50050	62000	62000	50000	61000	2496
19:25:37	pre:patterns_snort__enron_corpus__pthread_dynamic__T6	76000	76000	20000	53050	50050	63000	62000	51000	62000	2571
19:25:53	post:patterns_snort__enron_corpus__pthread_dynamic__T6	62000	62000	20000	53050	50050	57000	56000	49000	55000	1853
19:25:53	pre:patterns_snort__enron_corpus__pthread_prefetch__T6	62000	62000	20000	53050	50050	55000	55000	49000	56000	2023
19:26:10	post:patterns_snort__enron_corpus__pthread_prefetch__T6	59000	59000	20000	53050	49050	61000	60000	49000	62000	2363
19:26:10	pre:patterns_snort__enron_corpus__pthread_chunked_flat__T6	59000	59000	20000	53050	49050	59000	59000	49000	60000	2293
19:26:21	post:patterns_snort__enron_corpus__pthread_chunked_flat__T6	77000	77000	20000	53050	50050	68000	68000	49000	67000	2353
19:26:21	pre:patterns_snort__enron_corpus__pthread_chunked_v3_flat__T6	77000	77000	20000	53050	50050	65000	64000	49000	64000	2318
19:26:35	post:patterns_snort__enron_corpus__pthread_chunked_v3_flat__T6	65000	65000	20000	54050	51050	56000	56000	50000	56000	1803
19:26:35	pre:patterns_snort__enron_corpus__pthread_2d_sharded_chunked__T6	65000	65000	20000	54050	51050	58000	56000	50000	57000	2053
19:26:55	post:patterns_snort__enron_corpus__pthread_2d_sharded_chunked__T6	59000	59000	20000	53050	50050	54000	53000	49000	53000	1933
19:26:55	pre:patterns_snort__enron_corpus__pattern_sharded_prefix__T6	59000	59000	20000	53050	50050	53000	53000	49000	54000	1946
19:27:27	post:patterns_snort__enron_corpus__pattern_sharded_prefix__T6	61000	61000	20000	54050	50050	58000	58000	50000	58000	2574
19:27:27	pre:patterns_snort__enron_corpus__pthread_chunked__T8	61000	61000	20000	54050	50050	57000	57000	50000	57000	2244
19:27:42	post:patterns_snort__enron_corpus__pthread_chunked__T8	59000	59000	20000	53050	50050	52000	53000	50000	54000	1460
19:27:42	pre:patterns_snort__enron_corpus__pthread_chunked_v2__T8	59000	59000	20000	53050	50050	52000	54000	50000	53000	1965
19:27:54	post:patterns_snort__enron_corpus__pthread_chunked_v2__T8	74000	74000	20000	52050	49050	65000	65000	51000	64000	2217
19:27:54	pre:patterns_snort__enron_corpus__pthread_chunked_v3__T8	74000	74000	20000	52050	49050	64000	63000	51000	64000	2311
19:28:05	post:patterns_snort__enron_corpus__pthread_chunked_v3__T8	67000	67000	20000	53050	50050	61000	60000	49000	61000	2580
19:28:05	pre:patterns_snort__enron_corpus__pthread_dynamic__T8	67000	67000	20000	53050	50050	59000	59000	49000	60000	2510
19:28:20	post:patterns_snort__enron_corpus__pthread_dynamic__T8	60000	60000	20000	53050	50050	55000	56000	50000	55000	1843
19:28:20	pre:patterns_snort__enron_corpus__pthread_prefetch__T8	60000	60000	20000	53050	50050	53000	54000	50000	53000	1556
19:28:34	post:patterns_snort__enron_corpus__pthread_prefetch__T8	71000	71000	20000	52050	49050	64000	62000	50000	61000	2351
19:28:34	pre:patterns_snort__enron_corpus__pthread_chunked_flat__T8	71000	71000	20000	52050	49050	61000	60000	50000	59000	2118
19:28:44	post:patterns_snort__enron_corpus__pthread_chunked_flat__T8	72000	72000	20000	53050	50050	66000	66000	49000	66000	2354
19:28:44	pre:patterns_snort__enron_corpus__pthread_chunked_v3_flat__T8	72000	72000	20000	53050	50050	63000	63000	49000	62000	2551
19:28:55	post:patterns_snort__enron_corpus__pthread_chunked_v3_flat__T8	62000	62000	20000	54050	50050	58000	58000	50000	58000	1739
19:28:55	pre:patterns_snort__enron_corpus__pthread_2d_sharded_chunked__T8	62000	62000	20000	54050	50050	57000	58000	50000	57000	1759
19:29:12	post:patterns_snort__enron_corpus__pthread_2d_sharded_chunked__T8	58000	58000	20000	53050	50050	53000	53000	50000	55000	1873
19:29:12	pre:patterns_snort__enron_corpus__pattern_sharded_prefix__T8	58000	58000	20000	53050	50050	54000	53000	50000	53000	1731
19:29:44	post:patterns_snort__enron_corpus__pattern_sharded_prefix__T8	71000	71000	20000	54050	51050	65000	65000	49000	63000	2327
19:29:44	pre:patterns_snort__enron_corpus__pthread_chunked__T10	71000	71000	20000	54050	51050	61000	61000	49000	61000	2315
19:29:58	post:patterns_snort__enron_corpus__pthread_chunked__T10	58000	58000	20000	54050	50050	54000	54000	50000	53000	1913
19:29:58	pre:patterns_snort__enron_corpus__pthread_chunked_v2__T10	58000	58000	20000	54050	50050	54000	54000	50000	55000	1631
19:30:12	post:patterns_snort__enron_corpus__pthread_chunked_v2__T10	58000	58000	20000	53050	50050	53000	54000	50000	52000	1381
19:30:12	pre:patterns_snort__enron_corpus__pthread_chunked_v3__T10	58000	58000	20000	53050	50050	52000	53000	50000	53000	1841
19:30:22	post:patterns_snort__enron_corpus__pthread_chunked_v3__T10	69000	69000	20000	52050	49050	62000	62000	49000	61000	2586
19:30:22	pre:patterns_snort__enron_corpus__pthread_dynamic__T10	69000	69000	20000	52050	49050	63000	62000	49000	62000	2379
19:30:32	post:patterns_snort__enron_corpus__pthread_dynamic__T10	72000	72000	20000	53050	50050	66000	67000	49000	65000	1667
19:30:32	pre:patterns_snort__enron_corpus__pthread_prefetch__T10	72000	72000	20000	53050	50050	63000	63000	49000	62000	2065
19:30:43	post:patterns_snort__enron_corpus__pthread_prefetch__T10	66000	66000	20000	54050	51050	57000	57000	50000	57000	1508
19:30:43	pre:patterns_snort__enron_corpus__pthread_chunked_flat__T10	66000	66000	20000	54050	51050	57000	57000	50000	57000	1382
19:30:55	post:patterns_snort__enron_corpus__pthread_chunked_flat__T10	60000	60000	20000	53050	50050	55000	55000	49000	54000	1912
19:30:55	pre:patterns_snort__enron_corpus__pthread_chunked_v3_flat__T10	60000	60000	20000	53050	50050	54000	55000	49000	53000	2023
19:31:07	post:patterns_snort__enron_corpus__pthread_chunked_v3_flat__T10	58000	58000	20000	53050	50050	55000	53000	50000	53000	1633
19:31:07	pre:patterns_snort__enron_corpus__pthread_2d_sharded_chunked__T10	58000	58000	20000	53050	50050	52000	53000	49000	53000	1838
19:31:19	post:patterns_snort__enron_corpus__pthread_2d_sharded_chunked__T10	71000	71000	20000	52050	49050	64000	64000	49000	63000	2067
19:31:19	pre:patterns_snort__enron_corpus__pattern_sharded_prefix__T10	71000	71000	20000	52050	49050	63000	62000	49000	63000	2333
19:31:58	post:patterns_snort__enron_corpus__pattern_sharded_prefix__T10	57000	57000	20000	53050	50050	56000	55000	50000	55000	1958
19:31:58	pre:patterns_snort__enron_corpus__pthread_chunked__T12	57000	57000	20000	53050	50050	55000	55000	50000	53000	1827
19:32:08	post:patterns_snort__enron_corpus__pthread_chunked__T12	71000	71000	20000	52050	49050	62000	65000	49000	63000	2389
19:32:08	pre:patterns_snort__enron_corpus__pthread_chunked_v2__T12	71000	71000	20000	52050	49050	61000	62000	49000	62000	2240
19:32:16	post:patterns_snort__enron_corpus__pthread_chunked_v2__T12	75000	75000	20000	53050	50050	66000	64000	49000	66000	2083
19:32:16	pre:patterns_snort__enron_corpus__pthread_chunked_v3__T12	75000	75000	20000	53050	50050	64000	63000	49000	62000	2349
19:32:25	post:patterns_snort__enron_corpus__pthread_chunked_v3__T12	65000	65000	20000	54050	51050	60000	61000	50000	60000	1206
19:32:25	pre:patterns_snort__enron_corpus__pthread_dynamic__T12	65000	65000	20000	54050	51050	59000	59000	50000	59000	2060
19:32:37	post:patterns_snort__enron_corpus__pthread_dynamic__T12	60000	60000	20000	54050	51050	54000	54000	50000	54000	1299
19:32:37	pre:patterns_snort__enron_corpus__pthread_prefetch__T12	60000	60000	20000	54050	51050	54000	54000	50000	55000	1272
19:32:50	post:patterns_snort__enron_corpus__pthread_prefetch__T12	58000	58000	20000	53050	50050	53000	53000	51000	52000	1637
19:32:50	pre:patterns_snort__enron_corpus__pthread_chunked_flat__T12	58000	58000	20000	53050	50050	53000	53000	50000	53000	1816
19:33:00	post:patterns_snort__enron_corpus__pthread_chunked_flat__T12	71000	71000	20000	52050	49050	61000	62000	49000	62000	2300
19:33:00	pre:patterns_snort__enron_corpus__pthread_chunked_v3_flat__T12	71000	71000	20000	52050	49050	58000	60000	49000	59000	2560
19:33:07	post:patterns_snort__enron_corpus__pthread_chunked_v3_flat__T12	74000	74000	20000	53050	50050	64000	64000	49000	63000	1919
19:33:07	pre:patterns_snort__enron_corpus__pthread_2d_sharded_chunked__T12	74000	74000	20000	53050	50050	63000	63000	49000	62000	2349
19:33:17	post:patterns_snort__enron_corpus__pthread_2d_sharded_chunked__T12	70000	70000	20000	54050	51050	62000	61000	50000	61000	1831
19:33:17	pre:patterns_snort__enron_corpus__pattern_sharded_prefix__T12	70000	70000	20000	54050	51050	60000	60000	50000	60000	2037
19:34:00	post:patterns_snort__enron_corpus__pattern_sharded_prefix__T12	62000	62000	20000	53050	50050	57000	57000	49000	58000	2018
19:34:00	pre:patterns_et_32__enron_corpus__sequential__T0	62000	62000	20000	53050	50050	57000	57000	49000	57000	2558
19:35:16	post:patterns_et_32__enron_corpus__sequential__T0	77000	77000	20000	53050	49050	65000	65000	49000	63000	2310
19:35:16	pre:patterns_et_32__enron_corpus__sequential_flat__T0	77000	77000	20000	53050	49050	61000	61000	49000	60000	2489
19:36:21	post:patterns_et_32__enron_corpus__sequential_flat__T0	74000	74000	20000	53050	50050	56000	56000	49000	57000	2005
19:36:21	pre:patterns_et_32__enron_corpus__pthread_chunked__T1	74000	74000	20000	53050	50050	55000	57000	49000	58000	2487
19:37:35	post:patterns_et_32__enron_corpus__pthread_chunked__T1	78000	78000	20000	53050	49050	64000	67000	49000	65000	2539
19:37:35	pre:patterns_et_32__enron_corpus__pthread_chunked_v2__T1	78000	78000	20000	53050	49050	62000	62000	49000	62000	2562
19:38:48	post:patterns_et_32__enron_corpus__pthread_chunked_v2__T1	78000	78000	20000	53050	50050	68000	67000	49000	67000	1942
19:38:48	pre:patterns_et_32__enron_corpus__pthread_chunked_v3__T1	78000	78000	20000	53050	50050	63000	62000	49000	62000	2012
19:40:03	post:patterns_et_32__enron_corpus__pthread_chunked_v3__T1	68000	68000	20000	53050	50050	60000	60000	49000	60000	2175
19:40:03	pre:patterns_et_32__enron_corpus__pthread_dynamic__T1	68000	68000	20000	53050	50050	57000	57000	49000	58000	1827
19:41:18	post:patterns_et_32__enron_corpus__pthread_dynamic__T1	67000	67000	20000	53050	50050	61000	60000	49000	59000	2271
19:41:18	pre:patterns_et_32__enron_corpus__pthread_prefetch__T1	67000	67000	20000	53050	50050	57000	57000	49000	57000	2468
19:42:31	post:patterns_et_32__enron_corpus__pthread_prefetch__T1	76000	76000	20000	52050	49050	65000	65000	49000	61000	2453
19:42:31	pre:patterns_et_32__enron_corpus__pthread_chunked_flat__T1	76000	76000	20000	52050	49050	61000	61000	49000	61000	2804
19:43:36	post:patterns_et_32__enron_corpus__pthread_chunked_flat__T1	75000	75000	20000	53050	50050	65000	65000	49000	64000	1868
19:43:36	pre:patterns_et_32__enron_corpus__pthread_chunked_v3_flat__T1	75000	75000	20000	53050	50050	61000	61000	49000	60000	2310
19:44:42	post:patterns_et_32__enron_corpus__pthread_chunked_v3_flat__T1	74000	74000	20000	53050	49050	62000	65000	49000	61000	1910
19:44:42	pre:patterns_et_32__enron_corpus__pthread_2d_sharded_chunked__T1	74000	74000	20000	53050	49050	60000	60000	49000	60000	2356
19:45:46	post:patterns_et_32__enron_corpus__pthread_2d_sharded_chunked__T1	75000	75000	20000	53050	49050	66000	66000	49000	65000	2339
19:45:46	pre:patterns_et_32__enron_corpus__pattern_sharded_prefix__T1	75000	75000	20000	53050	49050	62000	61000	49000	61000	1745
19:46:51	post:patterns_et_32__enron_corpus__pattern_sharded_prefix__T1	74000	74000	20000	53050	49050	65000	66000	49000	65000	2077
19:46:51	pre:patterns_et_32__enron_corpus__pthread_chunked__T2	74000	74000	20000	53050	49050	62000	61000	49000	62000	2273
19:47:42	post:patterns_et_32__enron_corpus__pthread_chunked__T2	62000	62000	20000	53050	50050	58000	58000	49000	57000	2037
19:47:42	pre:patterns_et_32__enron_corpus__pthread_chunked_v2__T2	62000	62000	20000	53050	50050	57000	56000	50000	55000	1839
19:48:34	post:patterns_et_32__enron_corpus__pthread_chunked_v2__T2	62000	62000	20000	53050	50050	58000	58000	51000	58000	1786
19:48:34	pre:patterns_et_32__enron_corpus__pthread_chunked_v3__T2	62000	62000	20000	53050	50050	56000	58000	50000	58000	2141
19:49:26	post:patterns_et_32__enron_corpus__pthread_chunked_v3__T2	63000	63000	20000	53050	50050	57000	58000	49000	56000	1934
19:49:26	pre:patterns_et_32__enron_corpus__pthread_dynamic__T2	63000	63000	20000	53050	50050	55000	56000	49000	55000	2044
19:50:19	post:patterns_et_32__enron_corpus__pthread_dynamic__T2	62000	62000	20000	53050	50050	60000	58000	49000	58000	2328
19:50:19	pre:patterns_et_32__enron_corpus__pthread_prefetch__T2	62000	62000	20000	53050	50050	56000	56000	49000	56000	2206
19:51:10	post:patterns_et_32__enron_corpus__pthread_prefetch__T2	62000	62000	20000	53050	50050	56000	56000	49000	56000	2114
19:51:10	pre:patterns_et_32__enron_corpus__pthread_chunked_flat__T2	62000	62000	20000	53050	50050	55000	55000	49000	56000	2356
19:51:54	post:patterns_et_32__enron_corpus__pthread_chunked_flat__T2	63000	63000	20000	54050	50050	61000	60000	49000	61000	2402
19:51:54	pre:patterns_et_32__enron_corpus__pthread_chunked_v3_flat__T2	63000	63000	20000	54050	50050	58000	57000	49000	58000	2144
19:52:38	post:patterns_et_32__enron_corpus__pthread_chunked_v3_flat__T2	75000	75000	20000	54050	50050	62000	62000	51000	62000	2125
19:52:38	pre:patterns_et_32__enron_corpus__pthread_2d_sharded_chunked__T2	75000	75000	20000	54050	50050	61000	62000	51000	60000	2039
19:53:33	post:patterns_et_32__enron_corpus__pthread_2d_sharded_chunked__T2	64000	64000	20000	54050	50050	57000	58000	49000	60000	1790
19:53:33	pre:patterns_et_32__enron_corpus__pattern_sharded_prefix__T2	64000	64000	20000	54050	50050	57000	56000	49000	58000	1892
19:54:26	post:patterns_et_32__enron_corpus__pattern_sharded_prefix__T2	63000	63000	20000	54050	50050	60000	59000	49000	60000	1978
19:54:26	pre:patterns_et_32__enron_corpus__pthread_chunked__T4	63000	63000	20000	54050	50050	59000	59000	49000	59000	1986
19:55:13	post:patterns_et_32__enron_corpus__pthread_chunked__T4	60000	60000	20000	54050	50050	60000	60000	51000	60000	2389
19:55:13	pre:patterns_et_32__enron_corpus__pthread_chunked_v2__T4	60000	60000	20000	54050	50050	58000	58000	51000	60000	2010
19:55:59	post:patterns_et_32__enron_corpus__pthread_chunked_v2__T4	62000	62000	20000	55050	51050	62000	62000	50000	62000	2146
19:55:59	pre:patterns_et_32__enron_corpus__pthread_chunked_v3__T4	62000	62000	20000	55050	51050	59000	60000	50000	60000	2307
19:56:47	post:patterns_et_32__enron_corpus__pthread_chunked_v3__T4	73000	73000	20000	54050	50050	63000	63000	49000	63000	2291
19:56:47	pre:patterns_et_32__enron_corpus__pthread_dynamic__T4	73000	73000	20000	54050	50050	63000	63000	49000	62000	2462
19:57:36	post:patterns_et_32__enron_corpus__pthread_dynamic__T4	74000	74000	20000	54050	50050	70000	70000	50000	68000	2374
19:57:37	pre:patterns_et_32__enron_corpus__pthread_prefetch__T4	74000	74000	20000	54050	50050	64000	65000	50000	64000	2546
19:58:27	post:patterns_et_32__enron_corpus__pthread_prefetch__T4	79000	79000	20000	53050	50050	68000	68000	49000	66000	2330
19:58:27	pre:patterns_et_32__enron_corpus__pthread_chunked_flat__T4	79000	79000	20000	53050	50050	63000	63000	49000	63000	2470
19:59:13	post:patterns_et_32__enron_corpus__pthread_chunked_flat__T4	71000	71000	20000	53050	49050	65000	65000	49000	63000	2237
19:59:13	pre:patterns_et_32__enron_corpus__pthread_chunked_v3_flat__T4	71000	71000	20000	53050	49050	62000	64000	49000	64000	2618
19:59:55	post:patterns_et_32__enron_corpus__pthread_chunked_v3_flat__T4	73000	73000	20000	53050	49050	63000	61000	49000	62000	2071
19:59:55	pre:patterns_et_32__enron_corpus__pthread_2d_sharded_chunked__T4	73000	73000	20000	53050	49050	60000	60000	49000	58000	2387
20:00:39	post:patterns_et_32__enron_corpus__pthread_2d_sharded_chunked__T4	59000	59000	20000	54050	50050	58000	58000	51000	58000	1727
20:00:39	pre:patterns_et_32__enron_corpus__pattern_sharded_prefix__T4	59000	59000	20000	54050	50050	55000	57000	50000	55000	2086
20:01:28	post:patterns_et_32__enron_corpus__pattern_sharded_prefix__T4	62000	62000	20000	55050	51050	64000	62000	50000	62000	2055
20:01:28	pre:patterns_et_32__enron_corpus__pthread_chunked__T6	62000	62000	20000	55050	51050	59000	60000	50000	60000	2216
20:02:09	post:patterns_et_32__enron_corpus__pthread_chunked__T6	76000	76000	20000	53050	50050	70000	69000	49000	68000	2333
20:02:09	pre:patterns_et_32__enron_corpus__pthread_chunked_v2__T6	76000	76000	20000	53050	50050	66000	65000	49000	65000	2297
20:02:56	post:patterns_et_32__enron_corpus__pthread_chunked_v2__T6	58000	58000	20000	53050	49050	63000	61000	49000	60000	2316
20:02:56	pre:patterns_et_32__enron_corpus__pthread_chunked_v3__T6	58000	58000	20000	53050	49050	60000	59000	49000	59000	2299
20:03:37	post:patterns_et_32__enron_corpus__pthread_chunked_v3__T6	61000	61000	20000	53050	50050	60000	58000	49000	57000	2439
20:03:37	pre:patterns_et_32__enron_corpus__pthread_dynamic__T6	61000	61000	20000	53050	50050	56000	56000	49000	56000	2658
20:04:11	post:patterns_et_32__enron_corpus__pthread_dynamic__T6	63000	63000	20000	54050	51050	59000	60000	50000	59000	1944
20:04:11	pre:patterns_et_32__enron_corpus__pthread_prefetch__T6	63000	63000	20000	54050	51050	58000	59000	50000	59000	2069
20:04:52	post:patterns_et_32__enron_corpus__pthread_prefetch__T6	76000	76000	20000	53050	50050	69000	68000	49000	67000	1866
20:04:52	pre:patterns_et_32__enron_corpus__pthread_chunked_flat__T6	76000	76000	20000	53050	50050	66000	66000	49000	65000	2503
20:05:31	post:patterns_et_32__enron_corpus__pthread_chunked_flat__T6	59000	59000	20000	53050	50050	58000	58000	49000	59000	2060
20:05:31	pre:patterns_et_32__enron_corpus__pthread_chunked_v3_flat__T6	59000	59000	20000	53050	50050	56000	58000	49000	56000	2002
20:05:58	post:patterns_et_32__enron_corpus__pthread_chunked_v3_flat__T6	75000	75000	20000	54050	51050	67000	66000	50000	64000	2069
20:05:58	pre:patterns_et_32__enron_corpus__pthread_2d_sharded_chunked__T6	75000	75000	20000	54050	51050	63000	63000	50000	63000	2180
20:06:44	post:patterns_et_32__enron_corpus__pthread_2d_sharded_chunked__T6	58000	58000	20000	53050	49050	63000	63000	49000	61000	2191
20:06:44	pre:patterns_et_32__enron_corpus__pattern_sharded_prefix__T6	58000	58000	20000	53050	49050	60000	59000	49000	60000	2348
20:07:32	post:patterns_et_32__enron_corpus__pattern_sharded_prefix__T6	58000	58000	20000	53050	50050	57000	60000	49000	58000	2285
20:07:32	pre:patterns_et_32__enron_corpus__pthread_chunked__T8	58000	58000	20000	53050	50050	57000	56000	49000	57000	2592
20:08:04	post:patterns_et_32__enron_corpus__pthread_chunked__T8	61000	61000	20000	54050	51050	60000	59000	50000	58000	1931
20:08:04	pre:patterns_et_32__enron_corpus__pthread_chunked_v2__T8	61000	61000	20000	54050	51050	57000	58000	50000	57000	2137
20:08:41	post:patterns_et_32__enron_corpus__pthread_chunked_v2__T8	71000	71000	20000	53050	50050	68000	68000	49000	67000	2105
20:08:41	pre:patterns_et_32__enron_corpus__pthread_chunked_v3__T8	71000	71000	20000	53050	50050	65000	65000	49000	63000	2349
20:09:20	post:patterns_et_32__enron_corpus__pthread_chunked_v3__T8	58000	58000	20000	53050	50050	58000	57000	49000	58000	1793
20:09:20	pre:patterns_et_32__enron_corpus__pthread_dynamic__T8	58000	58000	20000	53050	50050	56000	56000	49000	56000	1658
20:09:51	post:patterns_et_32__enron_corpus__pthread_dynamic__T8	73000	73000	20000	54050	51050	69000	68000	49000	68000	2569
20:09:51	pre:patterns_et_32__enron_corpus__pthread_prefetch__T8	73000	73000	20000	54050	51050	67000	65000	49000	65000	2261
20:10:36	post:patterns_et_32__enron_corpus__pthread_prefetch__T8	57000	57000	20000	53050	50050	58000	58000	49000	55000	1846
20:10:36	pre:patterns_et_32__enron_corpus__pthread_chunked_flat__T8	57000	57000	20000	53050	50050	55000	55000	49000	54000	2241
20:11:00	post:patterns_et_32__enron_corpus__pthread_chunked_flat__T8	62000	62000	20000	54050	51050	60000	60000	50000	60000	1815
20:11:00	pre:patterns_et_32__enron_corpus__pthread_chunked_v3_flat__T8	62000	62000	20000	54050	51050	58000	58000	50000	58000	2262
20:11:36	post:patterns_et_32__enron_corpus__pthread_chunked_v3_flat__T8	69000	69000	20000	52050	49050	67000	65000	51000	65000	2013
20:11:36	pre:patterns_et_32__enron_corpus__pthread_2d_sharded_chunked__T8	69000	69000	20000	52050	49050	61000	61000	49000	61000	2680
20:12:11	post:patterns_et_32__enron_corpus__pthread_2d_sharded_chunked__T8	59000	59000	20000	53050	50050	58000	57000	50000	58000	1752
20:12:11	pre:patterns_et_32__enron_corpus__pattern_sharded_prefix__T8	59000	59000	20000	53050	50050	56000	56000	49000	56000	1975
20:12:57	post:patterns_et_32__enron_corpus__pattern_sharded_prefix__T8	61000	61000	20000	54050	51050	59000	59000	50000	58000	1932
20:12:57	pre:patterns_et_32__enron_corpus__pthread_chunked__T10	61000	61000	20000	54050	51050	58000	57000	50000	59000	2347
20:13:34	post:patterns_et_32__enron_corpus__pthread_chunked__T10	76000	76000	20000	53050	50050	68000	67000	49000	66000	2634
20:13:34	pre:patterns_et_32__enron_corpus__pthread_chunked_v2__T10	76000	76000	20000	53050	50050	63000	63000	49000	63000	2379
20:14:12	post:patterns_et_32__enron_corpus__pthread_chunked_v2__T10	58000	58000	20000	53050	50050	57000	55000	49000	57000	2122
20:14:12	pre:patterns_et_32__enron_corpus__pthread_chunked_v3__T10	58000	58000	20000	53050	50050	56000	56000	49000	56000	2303
20:14:41	post:patterns_et_32__enron_corpus__pthread_chunked_v3__T10	73000	73000	20000	54050	50050	70000	70000	50000	68000	2363
20:14:41	pre:patterns_et_32__enron_corpus__pthread_dynamic__T10	73000	73000	20000	54050	50050	68000	65000	50000	64000	2412
20:15:22	post:patterns_et_32__enron_corpus__pthread_dynamic__T10	57000	57000	20000	53050	50050	54000	54000	49000	54000	2046
20:15:22	pre:patterns_et_32__enron_corpus__pthread_prefetch__T10	57000	57000	20000	53050	50050	54000	55000	49000	55000	2107
20:15:55	post:patterns_et_32__enron_corpus__pthread_prefetch__T10	60000	60000	20000	54050	50050	57000	55000	50000	57000	1930
20:15:55	pre:patterns_et_32__enron_corpus__pthread_chunked_flat__T10	60000	60000	20000	54050	50050	56000	56000	51000	56000	2021
20:16:25	post:patterns_et_32__enron_corpus__pthread_chunked_flat__T10	74000	74000	20000	53050	50050	68000	68000	49000	67000	2346
20:16:25	pre:patterns_et_32__enron_corpus__pthread_chunked_v3_flat__T10	74000	74000	20000	53050	50050	66000	66000	49000	66000	2129
20:16:54	post:patterns_et_32__enron_corpus__pthread_chunked_v3_flat__T10	59000	59000	20000	53050	50050	58000	58000	49000	58000	1989
20:16:54	pre:patterns_et_32__enron_corpus__pthread_2d_sharded_chunked__T10	59000	59000	20000	53050	50050	56000	57000	49000	57000	2403
20:17:26	post:patterns_et_32__enron_corpus__pthread_2d_sharded_chunked__T10	72000	72000	20000	53050	50050	70000	68000	49000	67000	2567
20:17:26	pre:patterns_et_32__enron_corpus__pattern_sharded_prefix__T10	72000	72000	20000	53050	50050	65000	65000	49000	65000	2365
20:18:17	post:patterns_et_32__enron_corpus__pattern_sharded_prefix__T10	71000	71000	20000	53050	50050	70000	70000	49000	68000	1898
20:18:17	pre:patterns_et_32__enron_corpus__pthread_chunked__T12	71000	71000	20000	53050	50050	65000	65000	49000	65000	2126
20:18:55	post:patterns_et_32__enron_corpus__pthread_chunked__T12	57000	57000	20000	53050	50050	58000	58000	49000	56000	1912
20:18:55	pre:patterns_et_32__enron_corpus__pthread_chunked_v2__T12	57000	57000	20000	53050	50050	54000	54000	49000	55000	2134
20:19:25	post:patterns_et_32__enron_corpus__pthread_chunked_v2__T12	60000	60000	20000	53050	50050	60000	58000	51000	60000	1926
20:19:25	pre:patterns_et_32__enron_corpus__pthread_chunked_v3__T12	60000	60000	20000	53050	50050	57000	57000	51000	57000	2071
20:19:56	post:patterns_et_32__enron_corpus__pthread_chunked_v3__T12	72000	72000	20000	53050	50050	68000	68000	49000	66000	2103
20:19:56	pre:patterns_et_32__enron_corpus__pthread_dynamic__T12	72000	72000	20000	53050	50050	64000	65000	49000	63000	2636
20:20:32	post:patterns_et_32__enron_corpus__pthread_dynamic__T12	57000	57000	20000	53050	50050	55000	54000	50000	54000	1692
20:20:32	pre:patterns_et_32__enron_corpus__pthread_prefetch__T12	57000	57000	20000	53050	50050	53000	55000	50000	55000	2092
20:20:59	post:patterns_et_32__enron_corpus__pthread_prefetch__T12	70000	70000	20000	54050	51050	63000	63000	50000	63000	2510
20:20:59	pre:patterns_et_32__enron_corpus__pthread_chunked_flat__T12	70000	70000	20000	54050	51050	61000	62000	50000	61000	2321
20:21:31	post:patterns_et_32__enron_corpus__pthread_chunked_flat__T12	57000	57000	20000	53050	50050	57000	56000	49000	56000	2067
20:21:31	pre:patterns_et_32__enron_corpus__pthread_chunked_v3_flat__T12	57000	57000	20000	53050	50050	55000	54000	49000	53000	1902
20:21:50	post:patterns_et_32__enron_corpus__pthread_chunked_v3_flat__T12	70000	70000	20000	53050	50050	69000	68000	51000	67000	2313
20:21:50	pre:patterns_et_32__enron_corpus__pthread_2d_sharded_chunked__T12	70000	70000	20000	53050	50050	65000	65000	51000	66000	2562
20:22:24	post:patterns_et_32__enron_corpus__pthread_2d_sharded_chunked__T12	57000	57000	20000	53050	50050	58000	60000	49000	57000	2088
20:22:24	pre:patterns_et_32__enron_corpus__pattern_sharded_prefix__T12	57000	57000	20000	53050	50050	56000	57000	49000	57000	1953
20:23:15	post:patterns_et_32__enron_corpus__pattern_sharded_prefix__T12	57000	57000	20000	54050	50050	59000	61000	50000	61000	2291
20:23:15	pre:patterns_snort__enron_x8__sequential__T0	57000	57000	20000	54050	50050	60000	60000	50000	57000	2412
20:28:54	post:patterns_snort__enron_x8__sequential__T0	78000	78000	20000	53050	49050	66000	66000	49000	65000	2182
20:28:54	pre:patterns_snort__enron_x8__sequential_flat__T0	78000	78000	20000	53050	49050	61000	59000	49000	60000	1631
20:33:49	post:patterns_snort__enron_x8__sequential_flat__T0	72000	72000	20000	51050	48050	63000	62000	48000	62000	2450
20:33:49	pre:patterns_snort__enron_x8__pthread_chunked__T1	72000	72000	20000	51050	48050	60000	60000	48000	60000	2374
20:38:58	post:patterns_snort__enron_x8__pthread_chunked__T1	78000	78000	20000	52050	48050	65000	63000	49000	60000	2124
20:38:58	pre:patterns_snort__enron_x8__pthread_chunked_v2__T1	78000	78000	20000	52050	48050	60000	61000	49000	59000	2316
20:44:05	post:patterns_snort__enron_x8__pthread_chunked_v2__T1	78000	78000	20000	52050	48050	65000	65000	49000	66000	3009
20:44:05	pre:patterns_snort__enron_x8__pthread_chunked_v3__T1	78000	78000	20000	52050	48050	62000	60000	49000	60000	2417
20:49:12	post:patterns_snort__enron_x8__pthread_chunked_v3__T1	78000	78000	20000	52050	48050	66000	62000	49000	61000	2552
20:49:12	pre:patterns_snort__enron_x8__pthread_dynamic__T1	78000	78000	20000	52050	48050	60000	59000	49000	61000	2327
20:54:20	post:patterns_snort__enron_x8__pthread_dynamic__T1	76000	76000	20000	52050	48050	65000	63000	49000	64000	2342
20:54:20	pre:patterns_snort__enron_x8__pthread_prefetch__T1	76000	76000	20000	52050	48050	61000	60000	49000	60000	2617
20:59:27	post:patterns_snort__enron_x8__pthread_prefetch__T1	78000	78000	20000	52050	48050	67000	66000	49000	65000	2097
20:59:27	pre:patterns_snort__enron_x8__pthread_chunked_flat__T1	78000	78000	20000	52050	48050	62000	62000	49000	61000	2620
21:04:21	post:patterns_snort__enron_x8__pthread_chunked_flat__T1	71000	71000	20000	50050	47050	64000	63000	48000	62000	2344
21:04:22	pre:patterns_snort__enron_x8__pthread_chunked_v3_flat__T1	71000	71000	20000	50050	47050	58000	58000	48000	58000	2611
21:09:16	post:patterns_snort__enron_x8__pthread_chunked_v3_flat__T1	71000	71000	20000	50050	47050	63000	62000	48000	61000	2235
21:09:16	pre:patterns_snort__enron_x8__pthread_2d_sharded_chunked__T1	71000	71000	20000	50050	47050	57000	58000	48000	57000	2605
21:14:09	post:patterns_snort__enron_x8__pthread_2d_sharded_chunked__T1	72000	72000	20000	50050	47050	63000	62000	47000	62000	2063
21:14:09	pre:patterns_snort__enron_x8__pattern_sharded_prefix__T1	72000	72000	20000	50050	47050	58000	58000	47000	57000	2457
21:19:04	post:patterns_snort__enron_x8__pattern_sharded_prefix__T1	69000	69000	20000	50050	47050	63000	62000	47000	60000	2630
21:19:04	pre:patterns_snort__enron_x8__pthread_chunked__T4	69000	69000	20000	50050	47050	58000	58000	47000	58000	2551
21:21:25	post:patterns_snort__enron_x8__pthread_chunked__T4	77000	77000	20000	53050	50050	70000	70000	49000	68000	2060
21:21:25	pre:patterns_snort__enron_x8__pthread_chunked_v2__T4	77000	77000	20000	53050	50050	66000	66000	49000	66000	2366
21:23:49	post:patterns_snort__enron_x8__pthread_chunked_v2__T4	78000	78000	20000	54050	50050	70000	71000	50000	69000	2014
21:23:49	pre:patterns_snort__enron_x8__pthread_chunked_v3__T4	78000	78000	20000	54050	50050	67000	65000	50000	66000	2201
21:26:11	post:patterns_snort__enron_x8__pthread_chunked_v3__T4	71000	71000	20000	54050	51050	60000	61000	50000	61000	2163
21:26:11	pre:patterns_snort__enron_x8__pthread_dynamic__T4	71000	71000	20000	54050	51050	60000	60000	50000	60000	2536
21:28:33	post:patterns_snort__enron_x8__pthread_dynamic__T4	80000	80000	20000	53050	50050	71000	71000	49000	67000	2306
21:28:33	pre:patterns_snort__enron_x8__pthread_prefetch__T4	80000	80000	20000	53050	50050	66000	66000	49000	66000	2330
21:31:02	post:patterns_snort__enron_x8__pthread_prefetch__T4	72000	72000	20000	53050	49050	66000	64000	49000	63000	1860
21:31:02	pre:patterns_snort__enron_x8__pthread_chunked_flat__T4	72000	72000	20000	53050	49050	60000	62000	49000	60000	2319
21:33:17	post:patterns_snort__enron_x8__pthread_chunked_flat__T4	64000	64000	20000	53050	50050	59000	59000	49000	59000	1937
21:33:17	pre:patterns_snort__enron_x8__pthread_chunked_v3_flat__T4	64000	64000	20000	53050	50050	57000	57000	49000	57000	2212
21:35:29	post:patterns_snort__enron_x8__pthread_chunked_v3_flat__T4	78000	78000	20000	53050	50050	69000	67000	50000	65000	2302
21:35:29	pre:patterns_snort__enron_x8__pthread_2d_sharded_chunked__T4	78000	78000	20000	53050	50050	63000	64000	50000	63000	2313
21:38:26	post:patterns_snort__enron_x8__pthread_2d_sharded_chunked__T4	77000	77000	20000	53050	50050	62000	61000	50000	61000	2338
21:38:26	pre:patterns_snort__enron_x8__pattern_sharded_prefix__T4	77000	77000	20000	53050	50050	58000	58000	50000	58000	2709
21:42:44	post:patterns_snort__enron_x8__pattern_sharded_prefix__T4	74000	74000	20000	54050	51050	62000	62000	50000	62000	2138
21:42:44	pre:patterns_snort__enron_x8__pthread_chunked__T8	74000	74000	20000	54050	51050	60000	59000	50000	60000	2345
21:44:27	post:patterns_snort__enron_x8__pthread_chunked__T8	63000	63000	20000	55050	51050	61000	60000	50000	61000	2006
21:44:28	pre:patterns_snort__enron_x8__pthread_chunked_v2__T8	63000	63000	20000	55050	51050	60000	60000	50000	60000	2198
21:46:10	post:patterns_snort__enron_x8__pthread_chunked_v2__T8	75000	75000	20000	54050	50050	72000	71000	49000	71000	2313
21:46:10	pre:patterns_snort__enron_x8__pthread_chunked_v3__T8	75000	75000	20000	54050	50050	67000	67000	49000	66000	2584
21:47:46	post:patterns_snort__enron_x8__pthread_chunked_v3__T8	72000	72000	20000	54050	50050	67000	68000	49000	67000	2332
21:47:46	pre:patterns_snort__enron_x8__pthread_dynamic__T8	72000	72000	20000	54050	50050	66000	64000	49000	64000	2302
21:49:26	post:patterns_snort__enron_x8__pthread_dynamic__T8	72000	72000	20000	54050	50050	71000	69000	51000	71000	2271
21:49:26	pre:patterns_snort__enron_x8__pthread_prefetch__T8	72000	72000	20000	54050	50050	68000	66000	51000	67000	2345
21:51:09	post:patterns_snort__enron_x8__pthread_prefetch__T8	83000	83000	20000	54050	51050	68000	69000	49000	67000	2727
21:51:09	pre:patterns_snort__enron_x8__pthread_chunked_flat__T8	83000	83000	20000	54050	51050	67000	68000	49000	67000	2312
21:52:44	post:patterns_snort__enron_x8__pthread_chunked_flat__T8	69000	69000	20000	52050	49050	66000	67000	49000	64000	2475
21:52:44	pre:patterns_snort__enron_x8__pthread_chunked_v3_flat__T8	69000	69000	20000	52050	49050	64000	66000	49000	64000	2320
21:54:12	post:patterns_snort__enron_x8__pthread_chunked_v3_flat__T8	60000	60000	20000	53050	50050	56000	57000	49000	57000	2235
21:54:12	pre:patterns_snort__enron_x8__pthread_2d_sharded_chunked__T8	60000	60000	20000	53050	50050	56000	57000	49000	54000	2079
21:56:09	post:patterns_snort__enron_x8__pthread_2d_sharded_chunked__T8	59000	59000	20000	53050	50050	57000	58000	50000	57000	1996
21:56:09	pre:patterns_snort__enron_x8__pattern_sharded_prefix__T8	59000	59000	20000	53050	50050	54000	55000	50000	56000	1997
22:00:43	post:patterns_snort__enron_x8__pattern_sharded_prefix__T8	69000	69000	20000	54050	51050	70000	68000	49000	67000	2095
22:00:43	pre:patterns_snort__enron_x8__pthread_chunked__T12	69000	69000	20000	54050	51050	65000	64000	49000	65000	2310
22:02:09	post:patterns_snort__enron_x8__pthread_chunked__T12	64000	64000	20000	52050	49050	64000	65000	50000	65000	1973
22:02:09	pre:patterns_snort__enron_x8__pthread_chunked_v2__T12	64000	64000	20000	52050	49050	64000	63000	50000	64000	2403
22:03:30	post:patterns_snort__enron_x8__pthread_chunked_v2__T12	59000	59000	20000	53050	50050	60000	58000	49000	56000	1986
22:03:30	pre:patterns_snort__enron_x8__pthread_chunked_v3__T12	59000	59000	20000	53050	50050	56000	56000	49000	55000	2240
22:04:47	post:patterns_snort__enron_x8__pthread_chunked_v3__T12	74000	74000	20000	53050	50050	71000	70000	49000	69000	1767
22:04:47	pre:patterns_snort__enron_x8__pthread_dynamic__T12	74000	74000	20000	53050	50050	67000	68000	49000	68000	2593
22:06:09	post:patterns_snort__enron_x8__pthread_dynamic__T12	60000	60000	20000	53050	50050	58000	57000	49000	56000	2235
22:06:09	pre:patterns_snort__enron_x8__pthread_prefetch__T12	60000	60000	20000	53050	50050	57000	56000	50000	55000	2177
22:07:30	post:patterns_snort__enron_x8__pthread_prefetch__T12	73000	73000	20000	54050	50050	70000	69000	49000	67000	1966
22:07:30	pre:patterns_snort__enron_x8__pthread_chunked_flat__T12	73000	73000	20000	54050	50050	64000	66000	49000	64000	2432
22:08:45	post:patterns_snort__enron_x8__pthread_chunked_flat__T12	59000	59000	20000	53050	50050	57000	57000	50000	57000	2072
22:08:45	pre:patterns_snort__enron_x8__pthread_chunked_v3_flat__T12	59000	59000	20000	53050	50050	57000	56000	50000	56000	1703
22:09:55	post:patterns_snort__enron_x8__pthread_chunked_v3_flat__T12	72000	72000	20000	52050	49050	68000	68000	49000	66000	2276
22:09:55	pre:patterns_snort__enron_x8__pthread_2d_sharded_chunked__T12	72000	72000	20000	52050	49050	63000	63000	49000	62000	2603
22:11:29	post:patterns_snort__enron_x8__pthread_2d_sharded_chunked__T12	58000	58000	20000	53050	50050	56000	56000	49000	57000	1831
22:11:29	pre:patterns_snort__enron_x8__pattern_sharded_prefix__T12	58000	58000	20000	53050	50050	55000	56000	49000	56000	2070
22:16:48	post:patterns_snort__enron_x8__pattern_sharded_prefix__T12	72000	72000	20000	53050	50050	69000	68000	49000	67000	2297
22:16:48	pre:patterns_et_32__enron_x8__sequential__T0	72000	72000	20000	53050	50050	65000	65000	49000	65000	2127
22:26:31	post:patterns_et_32__enron_x8__sequential__T0	74000	74000	20000	53050	49050	66000	66000	49000	66000	2022
22:26:31	pre:patterns_et_32__enron_x8__sequential_flat__T0	74000	74000	20000	53050	49050	62000	62000	49000	60000	2049
22:35:08	post:patterns_et_32__enron_x8__sequential_flat__T0	71000	71000	20000	51050	48050	65000	63000	48000	65000	2086
22:35:08	pre:patterns_et_32__enron_x8__pthread_chunked__T1	71000	71000	20000	51050	48050	61000	60000	48000	59000	2055
22:44:40	post:patterns_et_32__enron_x8__pthread_chunked__T1	67000	67000	20000	53050	50050	57000	58000	49000	57000	1834
22:44:40	pre:patterns_et_32__enron_x8__pthread_chunked_v2__T1	67000	67000	20000	53050	50050	56000	56000	49000	56000	2180
22:54:15	post:patterns_et_32__enron_x8__pthread_chunked_v2__T1	78000	78000	20000	53050	49050	67000	67000	49000	66000	2394
22:54:15	pre:patterns_et_32__enron_x8__pthread_chunked_v3__T1	78000	78000	20000	53050	50050	63000	63000	49000	62000	2326
23:03:56	post:patterns_et_32__enron_x8__pthread_chunked_v3__T1	72000	72000	20000	53050	50050	59000	59000	49000	58000	2257
23:03:56	pre:patterns_et_32__enron_x8__pthread_dynamic__T1	72000	72000	20000	53050	50050	58000	58000	49000	57000	2072
23:13:33	post:patterns_et_32__enron_x8__pthread_dynamic__T1	78000	78000	20000	53050	49050	67000	66000	49000	65000	2183
23:13:33	pre:patterns_et_32__enron_x8__pthread_prefetch__T1	78000	78000	20000	53050	49050	63000	62000	49000	63000	2152
23:23:10	post:patterns_et_32__enron_x8__pthread_prefetch__T1	78000	78000	20000	53050	50050	68000	68000	49000	67000	2469
23:23:10	pre:patterns_et_32__enron_x8__pthread_chunked_flat__T1	78000	78000	20000	53050	50050	62000	62000	49000	61000	2326
23:31:42	post:patterns_et_32__enron_x8__pthread_chunked_flat__T1	74000	74000	20000	53050	49050	66000	68000	50000	66000	2239
23:31:42	pre:patterns_et_32__enron_x8__pthread_chunked_v3_flat__T1	74000	74000	20000	53050	49050	63000	60000	50000	61000	2598
23:40:13	post:patterns_et_32__enron_x8__pthread_chunked_v3_flat__T1	74000	74000	20000	53050	50050	67000	67000	49000	65000	2478
23:40:13	pre:patterns_et_32__enron_x8__pthread_2d_sharded_chunked__T1	74000	74000	20000	53050	50050	62000	62000	49000	62000	2668
23:48:48	post:patterns_et_32__enron_x8__pthread_2d_sharded_chunked__T1	75000	75000	20000	53050	49050	65000	67000	50000	66000	2479
23:48:48	pre:patterns_et_32__enron_x8__pattern_sharded_prefix__T1	75000	75000	20000	53050	49050	62000	63000	49000	61000	2349
23:57:21	post:patterns_et_32__enron_x8__pattern_sharded_prefix__T1	74000	74000	20000	53050	49050	67000	66000	49000	66000	2531
23:57:21	pre:patterns_et_32__enron_x8__pthread_chunked__T4	74000	74000	20000	53050	49050	63000	63000	49000	62000	2295
00:03:21	post:patterns_et_32__enron_x8__pthread_chunked__T4	77000	77000	20000	54050	50050	72000	71000	49000	69000	2293
00:03:21	pre:patterns_et_32__enron_x8__pthread_chunked_v2__T4	77000	77000	20000	54050	50050	68000	68000	49000	68000	2298
00:09:40	post:patterns_et_32__enron_x8__pthread_chunked_v2__T4	77000	77000	20000	54050	50050	72000	70000	49000	69000	2570
00:09:40	pre:patterns_et_32__enron_x8__pthread_chunked_v3__T4	77000	77000	20000	54050	50050	67000	69000	49000	68000	2546
00:16:01	post:patterns_et_32__enron_x8__pthread_chunked_v3__T4	62000	62000	20000	55050	51050	61000	61000	50000	61000	1729
00:16:01	pre:patterns_et_32__enron_x8__pthread_dynamic__T4	62000	62000	20000	55050	51050	58000	59000	50000	58000	2024
00:22:24	post:patterns_et_32__enron_x8__pthread_dynamic__T4	87000	87000	20000	54050	50050	70000	70000	49000	70000	2619
00:22:24	pre:patterns_et_32__enron_x8__pthread_prefetch__T4	87000	87000	20000	54050	50050	66000	66000	49000	65000	2546
00:28:38	post:patterns_et_32__enron_x8__pthread_prefetch__T4	75000	75000	20000	53050	50050	70000	70000	49000	68000	2314
00:28:38	pre:patterns_et_32__enron_x8__pthread_chunked_flat__T4	75000	75000	20000	53050	50050	65000	65000	49000	65000	2572
00:33:59	post:patterns_et_32__enron_x8__pthread_chunked_flat__T4	61000	61000	20000	53050	50050	58000	58000	49000	58000	1732
00:33:59	pre:patterns_et_32__enron_x8__pthread_chunked_v3_flat__T4	61000	61000	20000	53050	50050	57000	57000	49000	56000	1579
00:39:16	post:patterns_et_32__enron_x8__pthread_chunked_v3_flat__T4	75000	75000	20000	54050	50050	70000	70000	49000	70000	2119
00:39:16	pre:patterns_et_32__enron_x8__pthread_2d_sharded_chunked__T4	75000	75000	20000	54050	50050	67000	67000	49000	66000	2124
00:45:01	post:patterns_et_32__enron_x8__pthread_2d_sharded_chunked__T4	76000	76000	20000	54050	51050	71000	72000	50000	72000	2282
00:45:01	pre:patterns_et_32__enron_x8__pattern_sharded_prefix__T4	76000	76000	20000	54050	51050	68000	67000	50000	68000	2336
00:51:34	post:patterns_et_32__enron_x8__pattern_sharded_prefix__T4	82000	82000	20000	54050	51050	71000	70000	51000	69000	1927
00:51:34	pre:patterns_et_32__enron_x8__pthread_chunked__T8	82000	82000	20000	54050	51050	65000	66000	51000	66000	2315
00:55:58	post:patterns_et_32__enron_x8__pthread_chunked__T8	63000	63000	20000	54050	51050	58000	58000	50000	60000	1730
00:55:58	pre:patterns_et_32__enron_x8__pthread_chunked_v2__T8	63000	63000	20000	54050	51050	57000	57000	50000	57000	2108
01:00:18	post:patterns_et_32__enron_x8__pthread_chunked_v2__T8	80000	80000	20000	53050	50050	69000	70000	49000	70000	2117
01:00:18	pre:patterns_et_32__enron_x8__pthread_chunked_v3__T8	80000	80000	20000	53050	50050	66000	67000	49000	67000	2272
01:05:02	post:patterns_et_32__enron_x8__pthread_chunked_v3__T8	65000	65000	20000	52050	49050	68000	67000	49000	66000	2438
01:05:02	pre:patterns_et_32__enron_x8__pthread_dynamic__T8	65000	65000	20000	52050	49050	63000	63000	49000	63000	2266
01:09:43	post:patterns_et_32__enron_x8__pthread_dynamic__T8	60000	60000	20000	53050	50050	58000	57000	50000	57000	1766
01:09:43	pre:patterns_et_32__enron_x8__pthread_prefetch__T8	60000	60000	20000	53050	50050	58000	57000	50000	57000	1949
01:14:02	post:patterns_et_32__enron_x8__pthread_prefetch__T8	75000	75000	20000	53050	50050	70000	70000	49000	68000	1651
01:14:02	pre:patterns_et_32__enron_x8__pthread_chunked_flat__T8	75000	75000	20000	53050	50050	66000	67000	49000	67000	2523
01:17:36	post:patterns_et_32__enron_x8__pthread_chunked_flat__T8	74000	74000	20000	53050	50050	69000	68000	49000	67000	2435
01:17:36	pre:patterns_et_32__enron_x8__pthread_chunked_v3_flat__T8	74000	74000	20000	53050	50050	66000	66000	49000	66000	2560
01:21:26	post:patterns_et_32__enron_x8__pthread_chunked_v3_flat__T8	77000	77000	20000	53050	50050	69000	69000	49000	68000	2551
01:21:26	pre:patterns_et_32__enron_x8__pthread_2d_sharded_chunked__T8	77000	77000	20000	53050	50050	66000	66000	49000	64000	2506
01:25:48	post:patterns_et_32__enron_x8__pthread_2d_sharded_chunked__T8	59000	59000	20000	53050	50050	58000	57000	49000	58000	2015
01:25:48	pre:patterns_et_32__enron_x8__pattern_sharded_prefix__T8	59000	59000	20000	53050	50050	57000	57000	49000	57000	2175
01:31:49	post:patterns_et_32__enron_x8__pattern_sharded_prefix__T8	76000	76000	20000	54050	50050	71000	72000	49000	70000	1671
01:31:49	pre:patterns_et_32__enron_x8__pthread_chunked__T12	76000	76000	20000	54050	50050	67000	67000	49000	66000	2202
01:35:56	post:patterns_et_32__enron_x8__pthread_chunked__T12	59000	59000	20000	53050	50050	58000	60000	49000	58000	1631
01:35:56	pre:patterns_et_32__enron_x8__pthread_chunked_v2__T12	59000	59000	20000	53050	50050	56000	56000	49000	54000	1749
01:39:49	post:patterns_et_32__enron_x8__pthread_chunked_v2__T12	58000	58000	20000	53050	50050	58000	58000	49000	58000	1517
01:39:50	pre:patterns_et_32__enron_x8__pthread_chunked_v3__T12	58000	58000	20000	53050	50050	56000	56000	49000	58000	2128
01:43:46	post:patterns_et_32__enron_x8__pthread_chunked_v3__T12	58000	58000	20000	53050	50050	57000	55000	50000	57000	1826
01:43:46	pre:patterns_et_32__enron_x8__pthread_dynamic__T12	58000	58000	20000	53050	50050	55000	55000	50000	55000	2006
01:47:50	post:patterns_et_32__enron_x8__pthread_dynamic__T12	69000	69000	20000	52050	49050	67000	68000	49000	66000	1871
01:47:50	pre:patterns_et_32__enron_x8__pthread_prefetch__T12	69000	69000	20000	52050	49050	62000	61000	49000	63000	1905
01:51:48	post:patterns_et_32__enron_x8__pthread_prefetch__T12	71000	71000	20000	53050	49050	68000	67000	49000	66000	2418
01:51:48	pre:patterns_et_32__enron_x8__pthread_chunked_flat__T12	71000	71000	20000	53050	49050	65000	63000	49000	62000	2117
01:54:56	post:patterns_et_32__enron_x8__pthread_chunked_flat__T12	64000	64000	20000	54050	51050	60000	61000	49000	61000	1754
01:54:56	pre:patterns_et_32__enron_x8__pthread_chunked_v3_flat__T12	64000	64000	20000	54050	51050	60000	59000	49000	60000	2046
01:58:11	post:patterns_et_32__enron_x8__pthread_chunked_v3_flat__T12	60000	60000	20000	53050	50050	56000	57000	49000	56000	1962
01:58:11	pre:patterns_et_32__enron_x8__pthread_2d_sharded_chunked__T12	60000	60000	20000	53050	50050	55000	54000	49000	56000	2124
02:01:56	post:patterns_et_32__enron_x8__pthread_2d_sharded_chunked__T12	70000	70000	20000	53050	50050	71000	70000	49000	68000	2112
02:01:56	pre:patterns_et_32__enron_x8__pattern_sharded_prefix__T12	70000	70000	20000	53050	50050	66000	65000	49000	65000	2611
02:08:50	post:patterns_et_32__enron_x8__pattern_sharded_prefix__T12	77000	77000	20000	51050	50050	69000	70000	49000	68000	2299
02:08:50	pre:patterns_snort_100__enron_corpus__sequential__T0	77000	77000	20000	51050	50050	65000	64000	49000	65000	2150
02:09:10	post:patterns_snort_100__enron_corpus__sequential__T0	75000	75000	20000	52050	50050	60000	62000	49000	62000	2124
02:09:10	pre:patterns_snort_100__enron_corpus__sequential_flat__T0	75000	75000	20000	52050	50050	60000	58000	49000	60000	2086
02:09:30	post:patterns_snort_100__enron_corpus__sequential_flat__T0	73000	73000	20000	51050	50050	63000	63000	49000	63000	2545
02:09:30	pre:patterns_snort_100__enron_corpus__pthread_chunked_v3__T1	73000	73000	20000	51050	50050	62000	62000	49000	61000	2120
02:09:50	post:patterns_snort_100__enron_corpus__pthread_chunked_v3__T1	79000	79000	20000	50050	49050	65000	63000	49000	66000	2199
02:09:50	pre:patterns_snort_100__enron_corpus__pthread_chunked_v3__T12	79000	79000	20000	50050	49050	62000	63000	49000	62000	2471
02:09:53	post:patterns_snort_100__enron_corpus__pthread_chunked_v3__T12	84000	84000	20000	50050	49050	69000	71000	49000	69000	2264
02:09:53	pre:patterns_snort_100__enron_corpus__pthread_chunked_flat__T1	84000	84000	20000	50050	49050	68000	68000	49000	68000	2139
02:10:12	post:patterns_snort_100__enron_corpus__pthread_chunked_flat__T1	77000	77000	20000	52050	50050	65000	63000	49000	63000	2471
02:10:12	pre:patterns_snort_100__enron_corpus__pthread_chunked_flat__T12	77000	77000	20000	52050	50050	60000	61000	49000	59000	2566
02:10:16	post:patterns_snort_100__enron_corpus__pthread_chunked_flat__T12	68000	68000	20000	52050	50050	57000	56000	49000	56000	973
02:10:16	pre:patterns_snort_1k__enron_corpus__sequential__T0	68000	68000	20000	52050	50050	56000	56000	49000	58000	1453
02:10:47	post:patterns_snort_1k__enron_corpus__sequential__T0	79000	79000	20000	50050	49050	65000	65000	49000	63000	2531
02:10:47	pre:patterns_snort_1k__enron_corpus__sequential_flat__T0	79000	79000	20000	50050	49050	61000	61000	49000	61000	2340
02:11:13	post:patterns_snort_1k__enron_corpus__sequential_flat__T0	76000	76000	20000	50050	49050	61000	63000	49000	62000	2334
02:11:13	pre:patterns_snort_1k__enron_corpus__pthread_chunked_v3__T1	76000	76000	20000	50050	49050	61000	60000	49000	61000	2163
02:11:41	post:patterns_snort_1k__enron_corpus__pthread_chunked_v3__T1	80000	80000	20000	51050	50050	67000	66000	49000	66000	2604
02:11:41	pre:patterns_snort_1k__enron_corpus__pthread_chunked_v3__T12	80000	80000	20000	51050	50050	62000	62000	49000	62000	2617
02:11:49	post:patterns_snort_1k__enron_corpus__pthread_chunked_v3__T12	63000	63000	20000	52050	50050	58000	57000	49000	57000	1472
02:11:49	pre:patterns_snort_1k__enron_corpus__pthread_chunked_flat__T1	63000	63000	20000	52050	50050	57000	57000	49000	57000	1305
02:12:16	post:patterns_snort_1k__enron_corpus__pthread_chunked_flat__T1	74000	74000	20000	51050	50050	60000	62000	49000	61000	1821
02:12:16	pre:patterns_snort_1k__enron_corpus__pthread_chunked_flat__T12	74000	74000	20000	51050	50050	60000	58000	49000	58000	2604
02:12:24	post:patterns_snort_1k__enron_corpus__pthread_chunked_flat__T12	59000	59000	20000	51050	50050	54000	55000	49000	55000	989
02:12:24	pre:patterns_snort__enron_corpus__sequential__T0	59000	59000	20000	51050	50050	55000	54000	49000	54000	1375
02:13:04	post:patterns_snort__enron_corpus__sequential__T0	80000	80000	20000	51050	50050	66000	67000	49000	66000	2631
02:13:04	pre:patterns_snort__enron_corpus__sequential_flat__T0	80000	80000	20000	51050	50050	63000	62000	49000	62000	2591
02:13:41	post:patterns_snort__enron_corpus__sequential_flat__T0	74000	74000	20000	51050	50050	63000	63000	49000	63000	2345
02:13:41	pre:patterns_snort__enron_corpus__pthread_chunked_v3__T1	74000	74000	20000	51050	50050	60000	60000	49000	59000	2588
02:14:21	post:patterns_snort__enron_corpus__pthread_chunked_v3__T1	80000	80000	20000	51050	50050	64000	65000	49000	65000	2406
02:14:21	pre:patterns_snort__enron_corpus__pthread_chunked_v3__T12	80000	80000	20000	51050	50050	61000	62000	49000	59000	2558
02:14:32	post:patterns_snort__enron_corpus__pthread_chunked_v3__T12	62000	62000	20000	52050	50050	58000	58000	49000	58000	1086
02:14:32	pre:patterns_snort__enron_corpus__pthread_chunked_flat__T1	62000	62000	20000	52050	50050	59000	58000	49000	57000	1616
02:15:09	post:patterns_snort__enron_corpus__pthread_chunked_flat__T1	74000	74000	20000	52050	49050	63000	62000	49000	61000	2078
02:15:09	pre:patterns_snort__enron_corpus__pthread_chunked_flat__T12	74000	74000	20000	52050	49050	59000	58000	49000	59000	2251
02:15:15	post:patterns_snort__enron_corpus__pthread_chunked_flat__T12	93000	93000	20000	52050	49050	75000	75000	50000	75000	2063
02:15:15	pre:patterns_et_32__enron_corpus__sequential__T0	93000	93000	20000	52050	49050	72000	71000	50000	71000	2231
02:16:31	post:patterns_et_32__enron_corpus__sequential__T0	78000	78000	20000	53050	49050	63000	66000	49000	65000	1980
02:16:31	pre:patterns_et_32__enron_corpus__sequential_flat__T0	78000	78000	20000	53050	49050	60000	62000	49000	62000	2350
02:17:35	post:patterns_et_32__enron_corpus__sequential_flat__T0	74000	74000	20000	53050	49050	65000	65000	49000	62000	2204
02:17:35	pre:patterns_et_32__enron_corpus__pthread_chunked_v3__T1	74000	74000	20000	53050	49050	60000	58000	49000	60000	2179
02:18:45	post:patterns_et_32__enron_corpus__pthread_chunked_v3__T1	80000	80000	20000	53050	50050	67000	65000	50000	65000	2437
02:18:45	pre:patterns_et_32__enron_corpus__pthread_chunked_v3__T12	80000	80000	20000	53050	50050	61000	62000	50000	62000	2700
02:19:15	post:patterns_et_32__enron_corpus__pthread_chunked_v3__T12	71000	71000	20000	52050	49050	66000	67000	49000	66000	2690
02:19:15	pre:patterns_et_32__enron_corpus__pthread_chunked_flat__T1	71000	71000	20000	52050	49050	62000	61000	49000	60000	2209
02:20:19	post:patterns_et_32__enron_corpus__pthread_chunked_flat__T1	72000	72000	20000	53050	49050	57000	56000	49000	56000	2095
02:20:19	pre:patterns_et_32__enron_corpus__pthread_chunked_flat__T12	72000	72000	20000	53050	49050	57000	56000	49000	57000	2451
02:20:32	post:patterns_et_32__enron_corpus__pthread_chunked_flat__T12	93000	93000	20000	56050	51050	76000	74000	50000	75000	2580
02:20:32	pre:patterns_snort__simplewiki__sequential__T0	93000	93000	20000	56050	51050	73000	73000	50000	74000	2854
02:21:10	post:patterns_snort__simplewiki__sequential__T0	73000	73000	20000	54050	50050	61000	61000	51000	58000	2243
02:21:10	pre:patterns_snort__simplewiki__pthread_chunked_v3__T1	73000	73000	20000	54050	50050	58000	57000	51000	57000	2423
02:21:44	post:patterns_snort__simplewiki__pthread_chunked_v3__T1	77000	77000	20000	52050	49050	60000	62000	49000	62000	2211
02:21:44	pre:patterns_snort__simplewiki__pthread_chunked_v3__T12	77000	77000	20000	52050	49050	58000	58000	49000	58000	2540
02:21:49	post:patterns_snort__simplewiki__pthread_chunked_v3__T12	90000	90000	20000	53050	49050	75000	72000	51000	74000	1885
02:21:49	pre:patterns_snort__enron_corpus__sequential__T0	90000	90000	20000	53050	49050	71000	72000	51000	71000	2536
02:22:30	post:patterns_snort__enron_corpus__sequential__T0	74000	74000	20000	52050	49050	60000	60000	49000	60000	2356
02:22:30	pre:patterns_snort__enron_corpus__pthread_chunked_v3__T1	74000	74000	20000	52050	49050	57000	57000	50000	58000	2248
02:23:08	post:patterns_snort__enron_corpus__pthread_chunked_v3__T1	77000	77000	20000	52050	49050	61000	61000	49000	61000	2575
02:23:08	pre:patterns_snort__enron_corpus__pthread_chunked_v3__T12	77000	77000	20000	52050	49050	58000	58000	49000	58000	2508
02:23:15	post:patterns_snort__enron_corpus__pthread_chunked_v3__T12	91000	91000	20000	52050	49050	75000	75000	49000	72000	1982
02:23:15	pre:patterns_snort__enron_corpus__pthread_chunked__T12_perthread	91000	91000	20000	52050	49050	71000	70000	49000	70000	2332
02:23:20	post:patterns_snort__enron_corpus__pthread_chunked__T12_perthread	87000	87000	20000	55050	51050	70000	70000	49000	71000	1813
02:23:20	pre:patterns_snort__enron_corpus__pthread_chunked_v2__T12_perthread	87000	87000	20000	55050	51050	71000	71000	49000	71000	2339
02:23:27	post:patterns_snort__enron_corpus__pthread_chunked_v2__T12_perthread	76000	76000	20000	57050	52050	67000	70000	51000	70000	2414
02:23:27	pre:patterns_snort__enron_corpus__pthread_chunked_v3__T12_perthread	76000	76000	20000	57050	52050	66000	66000	51000	67000	2774
02:23:35	post:patterns_snort__enron_corpus__pthread_chunked_v3__T12_perthread	64000	64000	20000	57050	53050	60000	60000	51000	60000	1819
02:23:35	pre:patterns_snort__enron_corpus__pthread_dynamic__T12_perthread	64000	64000	20000	57050	53050	59000	60000	51000	60000	2142
02:23:44	post:patterns_snort__enron_corpus__pthread_dynamic__T12_perthread	61000	61000	20000	56050	52050	56000	56000	51000	57000	1532
02:23:44	pre:patterns_snort__enron_corpus__pthread_prefetch__T12_perthread	61000	61000	20000	56050	52050	56000	56000	51000	55000	1871
02:23:54	post:patterns_snort__enron_corpus__pthread_prefetch__T12_perthread	60000	60000	20000	54050	50050	55000	56000	51000	55000	2039
02:23:54	pre:patterns_snort__enron_corpus__pthread_chunked_flat__T12_perthread	60000	60000	20000	54050	50050	56000	55000	51000	56000	1996
02:24:02	post:patterns_snort__enron_corpus__pthread_chunked_flat__T12_perthread	58000	58000	20000	53050	50050	54000	55000	50000	55000	1777
02:24:02	pre:patterns_snort__enron_corpus__pthread_chunked_v3_flat__T12_perthread	58000	58000	20000	53050	50050	53000	54000	50000	54000	1970
02:24:09	post:patterns_snort__enron_corpus__pthread_chunked_v3_flat__T12_perthread	70000	70000	20000	53050	49050	62000	62000	51000	61000	2433
02:24:09	pre:patterns_snort__enron_corpus__pthread_2d_sharded_chunked__T12_perthread	70000	70000	20000	53050	49050	60000	60000	51000	58000	2490
02:24:15	post:patterns_snort__enron_corpus__pthread_2d_sharded_chunked__T12_perthread	72000	72000	20000	53050	50050	68000	67000	49000	66000	1900
02:24:15	pre:patterns_snort__enron_corpus__pattern_sharded_prefix__T12_perthread	72000	72000	20000	53050	50050	62000	64000	49000	63000	2387
02:24:44	post:patterns_snort__enron_corpus__pattern_sharded_prefix__T12_perthread	59000	59000	20000	53050	50050	58000	58000	50000	56000	1765
02:24:44	pre:patterns_snort_100__enron_corpus__sequential__T0_buildseq	59000	59000	20000	53050	50050	58000	56000	50000	56000	2381
02:24:47	post:patterns_snort_100__enron_corpus__sequential__T0_buildseq	75000	75000	20000	53050	50050	61000	60000	50000	59000	2236
02:24:47	pre:patterns_snort_100__enron_corpus__sequential__T0_buildpar_T2	75000	75000	20000	53050	50050	57000	58000	50000	58000	2367
02:24:50	post:patterns_snort_100__enron_corpus__sequential__T0_buildpar_T2	75000	75000	20000	53050	50050	60000	61000	49000	60000	2554
02:24:50	pre:patterns_snort_100__enron_corpus__sequential__T0_buildpar_T4	75000	75000	20000	53050	50050	57000	57000	49000	57000	2398
02:24:53	post:patterns_snort_100__enron_corpus__sequential__T0_buildpar_T4	75000	75000	20000	53050	49050	62000	62000	51000	61000	2301
02:24:53	pre:patterns_snort_100__enron_corpus__sequential__T0_buildpar_T8	75000	75000	20000	53050	49050	58000	60000	51000	59000	2628
02:24:56	post:patterns_snort_100__enron_corpus__sequential__T0_buildpar_T8	77000	77000	20000	53050	49050	62000	62000	49000	60000	2061
02:24:56	pre:patterns_snort_100__enron_corpus__sequential__T0_buildpar_T12	77000	77000	20000	53050	49050	58000	58000	49000	58000	2326
02:24:59	post:patterns_snort_100__enron_corpus__sequential__T0_buildpar_T12	78000	78000	20000	52050	49050	62000	62000	49000	61000	2472
02:24:59	pre:patterns_snort_1k__enron_corpus__sequential__T0_buildseq	78000	78000	20000	52050	49050	60000	60000	49000	58000	2213
02:25:03	post:patterns_snort_1k__enron_corpus__sequential__T0_buildseq	78000	78000	20000	52050	49050	62000	62000	49000	60000	1960
02:25:03	pre:patterns_snort_1k__enron_corpus__sequential__T0_buildpar_T2	78000	78000	20000	52050	49050	58000	58000	49000	59000	2309
02:25:07	post:patterns_snort_1k__enron_corpus__sequential__T0_buildpar_T2	77000	77000	20000	52050	49050	63000	63000	49000	62000	2286
02:25:07	pre:patterns_snort_1k__enron_corpus__sequential__T0_buildpar_T4	77000	77000	20000	52050	49050	58000	60000	49000	60000	2219
02:25:11	post:patterns_snort_1k__enron_corpus__sequential__T0_buildpar_T4	78000	78000	20000	52050	49050	63000	62000	49000	61000	2284
02:25:11	pre:patterns_snort_1k__enron_corpus__sequential__T0_buildpar_T8	78000	78000	20000	52050	49050	58000	58000	49000	60000	2296
02:25:16	post:patterns_snort_1k__enron_corpus__sequential__T0_buildpar_T8	78000	78000	20000	52050	49050	63000	62000	49000	62000	2164
02:25:16	pre:patterns_snort_1k__enron_corpus__sequential__T0_buildpar_T12	78000	78000	20000	52050	49050	59000	60000	49000	58000	2572
02:25:20	post:patterns_snort_1k__enron_corpus__sequential__T0_buildpar_T12	78000	78000	20000	52050	49050	62000	62000	49000	62000	2166
02:25:20	pre:patterns_snort__enron_corpus__sequential__T0_buildseq	78000	78000	20000	52050	49050	59000	60000	49000	60000	2444
02:25:25	post:patterns_snort__enron_corpus__sequential__T0_buildseq	77000	77000	20000	52050	49050	63000	62000	49000	61000	2060
02:25:25	pre:patterns_snort__enron_corpus__sequential__T0_buildpar_T2	77000	77000	20000	52050	49050	60000	60000	49000	60000	2539
02:25:31	post:patterns_snort__enron_corpus__sequential__T0_buildpar_T2	77000	77000	20000	52050	49050	63000	62000	49000	61000	2100
02:25:31	pre:patterns_snort__enron_corpus__sequential__T0_buildpar_T4	77000	77000	20000	52050	49050	60000	60000	49000	58000	2580
02:25:37	post:patterns_snort__enron_corpus__sequential__T0_buildpar_T4	78000	78000	20000	52050	49050	62000	63000	49000	62000	2108
02:25:37	pre:patterns_snort__enron_corpus__sequential__T0_buildpar_T8	78000	78000	20000	52050	49050	60000	58000	49000	58000	2291
02:25:42	post:patterns_snort__enron_corpus__sequential__T0_buildpar_T8	77000	77000	20000	52050	49050	63000	63000	49000	60000	1868
02:25:42	pre:patterns_snort__enron_corpus__sequential__T0_buildpar_T12	77000	77000	20000	52050	49050	58000	57000	49000	60000	2308
02:25:48	post:patterns_snort__enron_corpus__sequential__T0_buildpar_T12	76000	76000	20000	52050	49050	64000	63000	49000	63000	1937
02:25:48	pre:patterns_et_32__enron_corpus__sequential__T0_buildseq	76000	76000	20000	52050	49050	62000	62000	49000	61000	2553
02:25:59	post:patterns_et_32__enron_corpus__sequential__T0_buildseq	75000	75000	20000	52050	49050	65000	64000	49000	63000	2314
02:25:59	pre:patterns_et_32__enron_corpus__sequential__T0_buildpar_T2	75000	75000	20000	52050	49050	61000	62000	49000	60000	2593
02:26:10	post:patterns_et_32__enron_corpus__sequential__T0_buildpar_T2	78000	78000	20000	53050	49050	66000	65000	49000	65000	2476
02:26:10	pre:patterns_et_32__enron_corpus__sequential__T0_buildpar_T4	78000	78000	20000	53050	49050	61000	61000	49000	60000	2310
02:26:20	post:patterns_et_32__enron_corpus__sequential__T0_buildpar_T4	78000	78000	20000	53050	49050	66000	67000	49000	63000	2334
02:26:20	pre:patterns_et_32__enron_corpus__sequential__T0_buildpar_T8	78000	78000	20000	53050	49050	61000	61000	49000	61000	2414
02:26:31	post:patterns_et_32__enron_corpus__sequential__T0_buildpar_T8	77000	77000	20000	53050	49050	66000	65000	49000	65000	2225
02:26:31	pre:patterns_et_32__enron_corpus__sequential__T0_buildpar_T12	77000	77000	20000	53050	49050	61000	61000	49000	60000	2110
02:26:42	post:patterns_et_32__enron_corpus__sequential__T0_buildpar_T12	77000	77000	20000	53050	49050	68000	67000	49000	65000	2685
02:26:42	pre:patterns_snort__enron_corpus__pthread_dynamic__T12_tpt001	77000	77000	20000	53050	49050	62000	61000	49000	62000	2702
02:26:49	post:patterns_snort__enron_corpus__pthread_dynamic__T12_tpt001	92000	92000	20000	53050	50050	75000	74000	49000	72000	2560
02:26:49	pre:patterns_snort__enron_corpus__pthread_dynamic__T12_tpt001_perthread	92000	92000	20000	53050	50050	72000	72000	49000	71000	2329
02:26:54	post:patterns_snort__enron_corpus__pthread_dynamic__T12_tpt001_perthread	93000	93000	20000	56050	51050	67000	66000	50000	68000	1919
02:26:55	pre:patterns_snort__enron_corpus__pthread_dynamic__T12_tpt004	93000	93000	20000	56050	51050	67000	67000	50000	66000	1982
02:27:07	post:patterns_snort__enron_corpus__pthread_dynamic__T12_tpt004	63000	63000	20000	56050	52050	58000	57000	51000	58000	1183
02:27:07	pre:patterns_snort__enron_corpus__pthread_dynamic__T12_tpt004_perthread	63000	63000	20000	56050	52050	56000	57000	51000	57000	1179
02:27:17	post:patterns_snort__enron_corpus__pthread_dynamic__T12_tpt004_perthread	60000	60000	20000	54050	51050	56000	55000	51000	55000	1474
02:27:17	pre:patterns_snort__enron_corpus__pthread_dynamic__T12_tpt016	60000	60000	20000	54050	51050	53000	55000	51000	55000	1995
02:27:29	post:patterns_snort__enron_corpus__pthread_dynamic__T12_tpt016	58000	58000	20000	53050	50050	52000	53000	50000	52000	971
02:27:29	pre:patterns_snort__enron_corpus__pthread_dynamic__T12_tpt016_perthread	58000	58000	20000	53050	50050	54000	51000	50000	53000	1625
02:27:36	post:patterns_snort__enron_corpus__pthread_dynamic__T12_tpt016_perthread	70000	70000	20000	52050	49050	64000	63000	49000	63000	2043
02:27:36	pre:patterns_snort__enron_corpus__pthread_dynamic__T12_tpt064	70000	70000	20000	52050	49050	60000	60000	49000	62000	2292
02:27:44	post:patterns_snort__enron_corpus__pthread_dynamic__T12_tpt064	74000	74000	20000	53050	49050	64000	63000	50000	62000	2076
02:27:44	pre:patterns_snort__enron_corpus__pthread_dynamic__T12_tpt064_perthread	74000	74000	20000	53050	49050	62000	63000	50000	63000	2407
02:27:50	post:patterns_snort__enron_corpus__pthread_dynamic__T12_tpt064_perthread	74000	74000	20000	54050	50050	64000	63000	53000	62000	2481
02:27:50	pre:patterns_snort__enron_corpus__pthread_dynamic__T12_tpt256	74000	74000	20000	54050	50050	63000	63000	53000	63000	2312
02:27:59	post:patterns_snort__enron_corpus__pthread_dynamic__T12_tpt256	65000	65000	20000	55050	51050	60000	59000	52000	59000	1227
02:27:59	pre:patterns_snort__enron_corpus__pthread_dynamic__T12_tpt256_perthread	65000	65000	20000	55050	51050	59000	59000	52000	59000	1901
02:28:08	post:patterns_snort__enron_corpus__pthread_dynamic__T12_tpt256_perthread	60000	60000	20000	54050	51050	56000	56000	51000	55000	1040
02:28:08	pre:patterns_snort__enron_corpus__pthread_dynamic_flat__T12_tpt001	60000	60000	20000	54050	51050	56000	55000	51000	55000	1452
02:28:19	post:patterns_snort__enron_corpus__pthread_dynamic_flat__T12_tpt001	59000	59000	20000	53050	50050	54000	54000	49000	54000	1246
02:28:19	pre:patterns_snort__enron_corpus__pthread_dynamic_flat__T12_tpt001_perthread	59000	59000	20000	53050	50050	53000	53000	49000	54000	1529
02:28:27	post:patterns_snort__enron_corpus__pthread_dynamic_flat__T12_tpt001_perthread	57000	57000	20000	52050	49050	57000	57000	49000	56000	1812
02:28:27	pre:patterns_snort__enron_corpus__pthread_dynamic_flat__T12_tpt004	57000	57000	20000	52050	49050	55000	55000	49000	55000	2543
02:28:34	post:patterns_snort__enron_corpus__pthread_dynamic_flat__T12_tpt004	70000	70000	20000	52050	49050	65000	63000	50000	62000	2096
02:28:34	pre:patterns_snort__enron_corpus__pthread_dynamic_flat__T12_tpt004_perthread	70000	70000	20000	52050	49050	61000	61000	50000	62000	2532
02:28:40	post:patterns_snort__enron_corpus__pthread_dynamic_flat__T12_tpt004_perthread	71000	71000	20000	53050	50050	64000	63000	49000	62000	2120
02:28:40	pre:patterns_snort__enron_corpus__pthread_dynamic_flat__T12_tpt016	71000	71000	20000	53050	50050	64000	63000	49000	62000	2355
02:28:47	post:patterns_snort__enron_corpus__pthread_dynamic_flat__T12_tpt016	75000	75000	20000	54050	50050	65000	65000	49000	65000	2232
02:28:47	pre:patterns_snort__enron_corpus__pthread_dynamic_flat__T12_tpt016_perthread	75000	75000	20000	54050	50050	63000	63000	49000	63000	2458
02:28:53	post:patterns_snort__enron_corpus__pthread_dynamic_flat__T12_tpt016_perthread	71000	71000	20000	55050	51050	62000	59000	50000	61000	1931
02:28:53	pre:patterns_snort__enron_corpus__pthread_dynamic_flat__T12_tpt064	71000	66000	20000	55050	51050	60000	60000	50000	60000	2057
02:29:04	post:patterns_snort__enron_corpus__pthread_dynamic_flat__T12_tpt064	61000	61000	20000	54050	50050	55000	56000	50000	55000	964
02:29:04	pre:patterns_snort__enron_corpus__pthread_dynamic_flat__T12_tpt064_perthread	61000	61000	20000	54050	50050	56000	54000	50000	55000	966
02:29:12	post:patterns_snort__enron_corpus__pthread_dynamic_flat__T12_tpt064_perthread	59000	59000	20000	53050	50050	56000	55000	50000	55000	1913
02:29:12	pre:patterns_snort__enron_corpus__pthread_dynamic_flat__T12_tpt256	59000	59000	20000	53050	50050	55000	54000	50000	53000	1464
02:29:22	post:patterns_snort__enron_corpus__pthread_dynamic_flat__T12_tpt256	58000	58000	20000	52050	49050	59000	59000	49000	58000	2104
02:29:22	pre:patterns_snort__enron_corpus__pthread_dynamic_flat__T12_tpt256_perthread	58000	58000	20000	52050	49050	59000	59000	49000	59000	2207
02:29:27	post:patterns_snort__enron_corpus__pthread_dynamic_flat__T12_tpt256_perthread	73000	73000	20000	52050	49050	62000	63000	49000	62000	2497
